id,first_name,last_name,email,gender,address,city
1,Allyn,Phoebe,aphoebe0@abc.net.au,Female,36488 Farmco Drive,Datartua
2,Cooper,Liley,cliley1@desdev.cn,Male,71 Crest Line Crossing,Křenovice
3,Cleve,Silwood,csilwood2@indiatimes.com,Male,65 3rd Circle,Herrán
4,Shae,Vittet,svittet3@plala.or.jp,Male,4 Bellgrove Circle,La Caya
5,Zerk,Sylvester,zsylvester4@topsy.com,Male,7262 Bayside Junction,Dongshan
6,Bobby,Loosmore,bloosmore5@51.la,Female,78638 Oak Valley Court,Alchevs’k
7,Karlis,Lochran,klochran6@example.com,Male,0 Butternut Court,Songculan
8,Delmar,Betonia,dbetonia7@forbes.com,Male,27536 Bellgrove Way,Saint-Quentin
9,Andris,Pentony,apentony8@reddit.com,Male,4516 Anniversary Alley,Susunan
10,Francois,Alvar,falvar9@4shared.com,Male,679 Memorial Place,Heka
11,Caldwell,Seward,csewarda@purevolume.com,Male,38 Petterle Avenue,Balzan
12,Heindrick,Nisot,hnisotb@studiopress.com,Male,37 Blue Bill Park Pass,Ozherel’ye
13,Hermia,Decroix,hdecroixc@behance.net,Female,94666 Schurz Alley,Zhangdian
14,Sherilyn,Spedroni,sspedronid@barnesandnoble.com,Female,8 Prairie Rose Alley,Évry
15,Ashley,Bleything,ableythinge@oakley.com,Female,22263 Cardinal Avenue,Neiba
16,Tracey,Gidney,tgidneyf@cornell.edu,Female,85078 Talisman Way,Nacka
17,Lianne,Marvell,lmarvellg@telegraph.co.uk,Female,4626 East Junction,Miasteczko Śląskie
18,Sigismund,Raitt,sraitth@washingtonpost.com,Male,467 Rieder Crossing,Matou
19,Riki,Lidgley,rlidgleyi@tinypic.com,Female,02 Huxley Way,Huari
20,Lionello,Hyde,lhydej@people.com.cn,Male,4123 Arizona Trail,Nūr
21,Omero,Fogel,ofogelk@tmall.com,Male,8 Rowland Terrace,Caoxi
22,Leah,Dunkersley,ldunkersleyl@npr.org,Female,51 Leroy Alley,Zgłobień
23,Talya,Fincken,tfinckenm@newsvine.com,Female,42630 Mcbride Way,Kombësi
24,Skelly,Pryer,spryern@thetimes.co.uk,Male,2 5th Junction,Forbach
25,Cristi,Glancy,cglancyo@europa.eu,Female,4 Spenser Center,Masaran
26,Lew,Gussin,lgussinp@hao123.com,Male,28 Sutherland Plaza,Santa Rita
27,Andris,Dunsire,adunsireq@altervista.org,Male,1 Riverside Circle,Sísion
28,Wolfy,Loisi,wloisir@jigsy.com,Male,836 Springs Road,Iporã
29,Abbie,Gleadhell,agleadhells@webmd.com,Female,21593 Grover Avenue,Sukamaju
30,Suzanna,Maro,smarot@dedecms.com,Female,78 Manufacturers Park,Ticaco
31,Cece,McDade,cmcdadeu@walmart.com,Male,21 Miller Road,Jambean
32,Abby,Tesauro,atesaurov@gov.uk,Female,459 Northfield Place,Sâmraông
33,Revkah,O'Reagan,roreaganw@dell.com,Female,43 Milwaukee Place,Qorovulbozor
34,Eliot,Attenbrow,eattenbrowx@icio.us,Male,96075 Muir Street,Sibut
35,Stavro,Spileman,sspilemany@yolasite.com,Male,13333 Daystar Way,Gaspra
36,Jethro,Chapellow,jchapellowz@ibm.com,Male,160 Merry Lane,Uticyacu
37,Saidee,Gerbi,sgerbi10@simplemachines.org,Female,75957 Westport Terrace,Jinja
38,Gannon,Kenneway,gkenneway11@google.it,Male,0 Blue Bill Park Park,Ica
39,Shaughn,Poulgreen,spoulgreen12@fastcompany.com,Male,3 Lukken Circle,Changping
40,Ferdy,Van den Velde,fvandenvelde13@chronoengine.com,Male,3565 Jana Trail,Marseille
41,Tersina,Bennet,tbennet14@networksolutions.com,Female,73 Burrows Place,Talun
42,Gladys,Sarfatti,gsarfatti15@illinois.edu,Female,7 Bunker Hill Street,Isanlu Itedoijowa
43,Ardys,Hannaby,ahannaby16@comsenz.com,Female,445 Lawn Court,Santa Bárbara d'Oeste
44,Elston,Smittoune,esmittoune17@senate.gov,Male,1 Lerdahl Pass,Sukkozero
45,Arel,Phlipon,aphlipon18@etsy.com,Male,23 Di Loreto Junction,Liaozhong
46,Kania,Blindermann,kblindermann19@goo.ne.jp,Female,82777 Independence Alley,Anjirmuara
47,Bunni,Lucian,blucian1a@twitpic.com,Female,1 Sauthoff Trail,Immātīn
48,Klemens,Rieger,krieger1b@cnet.com,Male,0153 Dahle Junction,Velika
49,Melissa,Coull,mcoull1c@about.me,Female,8 Elmside Alley,Izlake
50,Arri,Tschiersch,atschiersch1d@spiegel.de,Male,9 Scofield Park,Baturité
51,Neville,Teasdale,nteasdale1e@timesonline.co.uk,Male,174 Scoville Parkway,Migori
52,Tobie,Emmot,temmot1f@illinois.edu,Male,93 Lerdahl Pass,Mundri
53,Sander,Anfossi,sanfossi1g@youku.com,Male,96341 Badeau Court,Andkhōy
54,Rod,Krugmann,rkrugmann1h@psu.edu,Male,12 Dawn Lane,Roldanillo
55,Lulu,Grafton,lgrafton1i@shareasale.com,Female,7052 Lakeland Avenue,Guanlu
56,Cello,De Mitri,cdemitri1j@devhub.com,Male,91067 Welch Point,Yanhe
57,Adelle,Mapp,amapp1k@bloomberg.com,Female,2525 Comanche Court,Cilolongokan
58,Ingaberg,Falkner,ifalkner1l@goo.gl,Female,33 Jackson Place,Mora
59,Marlene,Lanon,mlanon1m@skyrock.com,Female,689 Thierer Drive,El Paso
60,Charlotta,Crunkhurn,ccrunkhurn1n@macromedia.com,Female,4 Tomscot Parkway,Río Blanquito
61,Irena,Laidel,ilaidel1o@digg.com,Female,465 Maple Street,Stanari
62,Clarinda,Bowkett,cbowkett1p@jiathis.com,Female,261 Longview Way,Novoderevyankovskaya
63,Ina,Matantsev,imatantsev1q@cdbaby.com,Female,60 Prairie Rose Road,Cavadas
64,Antoinette,Wigg,awigg1r@weebly.com,Female,40 Eastwood Point,Betulia
65,Tony,Hachette,thachette1s@amazon.de,Male,0 7th Pass,Wieniawa
66,Florance,Clitsome,fclitsome1t@w3.org,Female,3092 Rutledge Lane,Gaopeng
67,Nicola,Beadel,nbeadel1u@cnn.com,Female,339 Eggendart Way,Maţarah
68,Marillin,Creswell,mcreswell1v@accuweather.com,Female,626 Nancy Road,Sexmoan
69,Tanitansy,Cressey,tcressey1w@vistaprint.com,Female,9760 Rockefeller Road,Sandaotong
70,Joli,Pasby,jpasby1x@multiply.com,Female,1 West Trail,Parizh
71,Alva,Bernakiewicz,abernakiewicz1y@arstechnica.com,Male,144 Bashford Lane,Mazamet
72,Venus,Lubbock,vlubbock1z@amazon.com,Female,8013 Chive Terrace,Hufang
73,Reynold,Hannigane,rhannigane20@stumbleupon.com,Male,46 Lunder Avenue,Popova
74,Raynard,Edel,redel21@webmd.com,Male,84 Bluestem Plaza,Jazovo
75,Wain,Shelvey,wshelvey22@economist.com,Male,73 Lukken Court,Krajan
76,Emmanuel,Pernell,epernell23@i2i.jp,Male,2 Forest Place,Sitrah
77,Deane,Keane,dkeane24@macromedia.com,Female,841 Amoth Alley,Irákleia
78,Rudyard,Stut,rstut25@jalbum.net,Male,4814 Shoshone Alley,Changsha
79,Kristo,Pifford,kpifford26@arizona.edu,Male,72145 Scofield Pass,Kushtia
80,Cristiano,Lesslie,clesslie27@last.fm,Male,5086 Milwaukee Pass,Caraballeda
81,Kristal,Whannel,kwhannel28@loc.gov,Female,2765 Summer Ridge Street,Sanjō
82,Bryna,Penhallurick,bpenhallurick29@wired.com,Female,58 Hermina Alley,Leyuan
83,Christean,Rheubottom,crheubottom2a@purevolume.com,Female,33 Ridgeview Way,Barapas
84,Margaux,Terrett,mterrett2b@upenn.edu,Female,5535 Kensington Way,Lemery
85,Griffith,Althrop,galthrop2c@wikimedia.org,Male,0 Barby Drive,Filothéi
86,Belicia,Clapton,bclapton2d@purevolume.com,Female,71840 Lawn Alley,Babana
87,Elset,Bonehill,ebonehill2e@mozilla.org,Female,3984 Brentwood Trail,Aygeshat
88,Leonora,Auty,lauty2f@vistaprint.com,Female,7 Norway Maple Drive,Surenavan
89,Flossie,Weatherdon,fweatherdon2g@elegantthemes.com,Female,884 2nd Circle,Vallenar
90,Niki,Karoly,nkaroly2h@exblog.jp,Male,2 Waywood Terrace,Leon
91,Eberto,Casale,ecasale2i@liveinternet.ru,Male,1 Darwin Parkway,Fonseca
92,Leslie,Halsall,lhalsall2j@booking.com,Male,9 Sunfield Junction,Vnorovy
93,Lukas,Spinks,lspinks2k@desdev.cn,Male,98544 Division Point,Banquero
94,Merissa,Brainsby,mbrainsby2l@fema.gov,Female,4548 Buhler Point,Huayuan
95,Jerry,Lamshead,jlamshead2m@si.edu,Female,7 Brown Alley,Batangtoru
96,Virgie,Causnett,vcausnett2n@zdnet.com,Male,486 Sommers Pass,Tayu
97,Peter,Parsand,pparsand2o@flickr.com,Male,203 Village Green Junction,Karangkedawung
98,Elora,Laycock,elaycock2p@jugem.jp,Female,23694 Spohn Pass,Zátor
99,Freddy,Jovis,fjovis2q@google.ru,Male,59 Bayside Pass,Néa Pélla
100,Kennie,McSporon,kmcsporon2r@zdnet.com,Male,1 Arrowood Crossing,Celorico de Basto
101,Gustaf,Qualtro,gqualtro2s@devhub.com,Male,4 Heath Hill,Krasnaya Poyma
102,Oralle,Dodwell,ododwell2t@netscape.com,Female,92 Harper Place,Fuquan
103,Livvie,Artist,lartist2u@moonfruit.com,Female,5 Hanover Plaza,Ristinummi
104,Orella,Todarini,otodarini2v@ebay.com,Female,249 Mosinee Drive,Nakanojōmachi
105,Jody,Maggi,jmaggi2w@sogou.com,Male,55 Darwin Lane,Przybiernów
106,Rutherford,Donnersberg,rdonnersberg2x@cornell.edu,Male,872 Pierstorff Point,Årjäng
107,Ezekiel,Nye,enye2y@discuz.net,Male,0 Ohio Place,Agat Village
108,Birgitta,Eastment,beastment2z@dell.com,Female,9641 Hauk Pass,Rislane
109,Aldo,Shambrooke,ashambrooke30@wordpress.com,Male,3 Haas Terrace,Kolbudy
110,Stearn,Laugheran,slaugheran31@simplemachines.org,Male,29 Carioca Road,Naberezhnyye Chelny
111,Haydon,Chettle,hchettle32@comcast.net,Male,4 Delladonna Place,Beiyang
112,Turner,Hallagan,thallagan33@posterous.com,Male,98691 Burrows Way,Baki
113,Faythe,Eouzan,feouzan34@un.org,Female,90246 Maple Road,Pohang
114,Kizzee,Caunce,kcaunce35@spotify.com,Female,96 Cascade Drive,Cimenga
115,Jacklin,Povall,jpovall36@google.com.au,Female,2 Bluejay Terrace,Murcia
116,Melania,Dibdin,mdibdin37@chronoengine.com,Female,3405 6th Lane,Pakemitan Dua
117,Sampson,Tonner,stonner38@de.vu,Male,47258 Schiller Center,Meybod
118,Berne,Bignold,bbignold39@flavors.me,Male,8 Merrick Park,Fangshan
119,Zachariah,Willshear,zwillshear3a@unblog.fr,Male,37 Hoard Circle,Zouparria do Monte
120,Graehme,Sally,gsally3b@digg.com,Male,35 Barby Street,Trasak
121,Tarra,Lawday,tlawday3c@com.com,Female,1 Prairie Rose Crossing,Huitong
122,Crystie,Pappi,cpappi3d@creativecommons.org,Female,6 Pennsylvania Trail,Sukarara Utara
123,Bobbee,Lempel,blempel3e@ftc.gov,Female,53621 Grasskamp Center,Sundsvall
124,Hubert,Sams,hsams3f@canalblog.com,Male,7 Vidon Point,Gijon
125,Eda,Sacco,esacco3g@gmpg.org,Female,8 Gulseth Street,Ed
126,Kimmi,Dwerryhouse,kdwerryhouse3h@bbc.co.uk,Female,400 Nevada Street,Dąbie
127,Mar,Wandless,mwandless3i@ifeng.com,Male,6932 Luster Street,Moss
128,Jeniece,Mangam,jmangam3j@newsvine.com,Female,80 Lien Crossing,Hengxizhen
129,Raddie,Lambricht,rlambricht3k@europa.eu,Male,760 Thompson Crossing,Libertad
130,Denver,Sartain,dsartain3l@cbslocal.com,Male,9730 Garrison Place,Feira de Santana
131,Tessi,Josilevich,tjosilevich3m@miibeian.gov.cn,Female,7 Reindahl Plaza,Diamante
132,Elenore,Ewan,eewan3n@cdbaby.com,Female,61 Anhalt Plaza,Merton
133,Mill,Sandifer,msandifer3o@scientificamerican.com,Male,20767 Beilfuss Lane,Watulimo
134,Beale,Evanson,bevanson3p@theatlantic.com,Male,55 New Castle Court,Rongxiang
135,Tomkin,Rafe,trafe3q@ftc.gov,Male,4 Forest Dale Pass,Flandes
136,Rutter,Wiggans,rwiggans3r@addthis.com,Male,6969 Randy Street,Gongxi
137,Kenton,Pietrasik,kpietrasik3s@wunderground.com,Male,6926 Bayside Avenue,Nauchnyy Gorodok
138,Daveen,Ion,dion3t@reddit.com,Female,9 Lillian Avenue,Troyes
139,Eugine,Tidd,etidd3u@ameblo.jp,Female,478 Kedzie Alley,Araras
140,Miof mela,Clubb,mclubb3v@cnn.com,Female,90 Lillian Lane,Uzyn
141,Shay,Humpage,shumpage3w@xing.com,Female,22159 Shelley Plaza,Matwaḩ
142,Sterne,Thebes,sthebes3x@yellowbook.com,Male,2955 Manufacturers Court,Kętrzyn
143,Jamie,Wheble,jwheble3y@elpais.com,Male,2 Dapin Alley,Sambong
144,Nonnah,Wingeatt,nwingeatt3z@youtube.com,Female,50 Anzinger Point,Zharkovskiy
145,Deirdre,Revance,drevance40@state.gov,Female,6742 Magdeline Alley,Talun
146,Horace,Dik,hdik41@phpbb.com,Male,8607 Oakridge Way,Baganha
147,Giselle,Carbonell,gcarbonell42@sciencedirect.com,Female,8 Moland Hill,Horqueta
148,Ignatius,Parvin,iparvin43@youku.com,Male,1 Lukken Junction,Huskvarna
149,Casie,Krier,ckrier44@elegantthemes.com,Female,6 Jenifer Junction,Gniechowice
150,Meredeth,Pettko,mpettko45@virginia.edu,Male,0964 1st Center,Hane
151,Dimitri,Pattle,dpattle46@de.vu,Male,62895 Ridgeview Terrace,Datuan
152,Ammamaria,Le Pruvost,alepruvost47@wufoo.com,Female,0 Superior Court,Cikajang
153,Berrie,Kidson,bkidson48@cbc.ca,Female,2 3rd Circle,Petrovskoye
154,Jolene,Yurenin,jyurenin49@yellowbook.com,Female,1994 Bluejay Crossing,Minneapolis
155,Doralynn,Couronne,dcouronne4a@google.ca,Female,0 Valley Edge Street,Skien
156,Kizzee,MacMaster,kmacmaster4b@marketwatch.com,Female,467 Dunning Circle,Dubrovnik
157,Klaus,Normandale,knormandale4c@nps.gov,Male,10 Oxford Trail,Intendente Alvear
158,Sydel,Sineath,ssineath4d@google.pl,Female,992 Evergreen Terrace,Chandra
159,Petronille,Fleay,pfleay4e@t.co,Female,4 Fuller Junction,Aguitu
160,Godfree,Erlam,gerlam4f@foxnews.com,Male,96 Jackson Plaza,Selebi-Phikwe
161,Kale,Coverdill,kcoverdill4g@sbwire.com,Male,683 Bay Pass,San Pedro Ayampuc
162,Fayina,Rawsthorn,frawsthorn4h@microsoft.com,Female,299 Sachtjen Road,Tanahwangko
163,Waylan,Ostler,wostler4i@slate.com,Male,2935 Everett Drive,Novo Aripuanã
164,Nettie,Cusiter,ncusiter4j@wikispaces.com,Female,090 Mockingbird Crossing,Walakeri
165,Susan,McClancy,smcclancy4k@berkeley.edu,Female,6 Killdeer Road,Wanhu
166,Iormina,Nellies,inellies4l@goodreads.com,Female,3699 La Follette Way,Faleula
167,Josiah,Duesbury,jduesbury4m@berkeley.edu,Male,568 Sloan Crossing,Pingshui
168,Krysta,Lutty,klutty4n@blog.com,Female,17 Division Junction,Russas
169,Kimmi,Tarren,ktarren4o@seesaa.net,Female,66136 Banding Parkway,Santa Cruz
170,Padget,Fouch,pfouch4p@paginegialle.it,Male,55 Thackeray Center,Dihtyari
171,Willabella,O'Hagirtie,wohagirtie4q@whitehouse.gov,Female,8545 Starling Alley,Vale Covo
172,Paige,De Morena,pdemorena4r@smh.com.au,Male,1 Namekagon Park,Bairros
173,Jody,Allon,jallon4s@pbs.org,Female,5 Carpenter Point,Comandante Fontana
174,Karna,Tunnick,ktunnick4t@digg.com,Female,045 Menomonie Park,Mosquera
175,Guthry,Blockwell,gblockwell4u@jiathis.com,Male,7190 Ludington Drive,Châteauroux
176,Aime,Sackler,asackler4v@yolasite.com,Female,339 Washington Drive,Thaba Nchu
177,Annice,Mundell,amundell4w@domainmarket.com,Female,984 Sheridan Street,San Francisco
178,Joane,Heineken,jheineken4x@cdbaby.com,Female,2 Michigan Terrace,Pushkino
179,Isacco,Udden,iudden4y@storify.com,Male,89962 Manley Street,Bafang
180,Inna,Cusick,icusick4z@yahoo.co.jp,Female,6 Kedzie Point,Tierralta
181,Hortensia,Girardoni,hgirardoni50@answers.com,Female,79 Arrowood Place,Arroyo Naranjo
182,Port,Martschke,pmartschke51@elpais.com,Male,6795 Coleman Crossing,Sarata
183,Romain,Jillett,rjillett52@multiply.com,Male,20 Dapin Center,Phultala
184,Cory,Purcell,cpurcell53@wisc.edu,Female,06 Aberg Court,Tominian
185,Gerianna,MacArdle,gmacardle54@illinois.edu,Female,72 Northwestern Plaza,Zhongfang
186,Freeman,Dockrill,fdockrill55@oakley.com,Male,3 Donald Park,Rossosh’
187,Ashlen,Renney,arenney56@eepurl.com,Female,6 Schurz Junction,Munsan
188,Sophie,Wasielewicz,swasielewicz57@plala.or.jp,Female,597 Drewry Terrace,Ciwidara
189,Daune,Ferraron,dferraron58@multiply.com,Female,8 Artisan Center,Dallas
190,Cam,Burgher,cburgher59@rambler.ru,Male,07 Hagan Terrace,Chemin Grenier
191,Abram,Beswell,abeswell5a@dmoz.org,Male,66938 Briar Crest Alley,Xarsingma
192,Joelie,Baversor,jbaversor5b@omniture.com,Female,2 Westend Avenue,Strezhevoy
193,Ertha,Martygin,emartygin5c@zdnet.com,Female,08331 Waywood Plaza,Shizikeng
194,Sanders,Clowes,sclowes5d@netlog.com,Male,1918 Red Cloud Park,Carvalhal da Aroeira
195,Marty,Medling,mmedling5e@hexun.com,Male,2 Oriole Park,Zinder
196,Meg,Carnock,mcarnock5f@msn.com,Female,1386 Fairview Court,Kunsan
197,Yoshiko,Estcourt,yestcourt5g@yelp.com,Female,0674 Duke Junction,Göteborg
198,Maure,Critchley,mcritchley5h@shinystat.com,Female,3 Johnson Park,Sindangraja
199,Vanda,Parratt,vparratt5i@ca.gov,Female,9346 Morning Hill,Kedungbulu
200,Diarmid,Matushevitz,dmatushevitz5j@twitter.com,Male,1 Dunning Avenue,Lincoln
201,Gualterio,Fewless,gfewless5k@oaic.gov.au,Male,2 Del Mar Place,Kodinsk
202,Nappie,Khristyukhin,nkhristyukhin5l@icio.us,Male,2288 Westridge Center,Al Bawīţī
203,Diego,Huggin,dhuggin5m@g.co,Male,65620 Sommers Park,Asino
204,Edgar,Crummy,ecrummy5n@tamu.edu,Male,915 Crownhardt Hill,Bagroy
205,Lewiss,Wager,lwager5o@ovh.net,Male,3098 Arkansas Place,Odoyev
206,Michaeline,Bricksey,mbricksey5p@smh.com.au,Female,6307 Transport Lane,La Palma
207,Nial,Esposito,nesposito5q@imageshack.us,Male,4998 Schmedeman Place,Lyublino
208,Thia,Tacker,ttacker5r@sina.com.cn,Female,5 Havey Junction,Banyue
209,Gabby,Averay,gaveray5s@mapquest.com,Male,8200 Amoth Pass,Pontang Tengah
210,Sara-ann,Schwartz,sschwartz5t@freewebs.com,Female,610 Hudson Parkway,Duyure
211,Sascha,Knotton,sknotton5u@symantec.com,Male,2403 Becker Terrace,Duhu
212,Trevar,Ginnell,tginnell5v@google.ca,Male,7 Thompson Street,Erbil
213,Jordain,Krimmer,jkrimmer5w@typepad.com,Female,910 Kennedy Junction,Sofrino
214,Sandra,Costell,scostell5x@cargocollective.com,Female,10674 Shoshone Drive,Brušperk
215,Gwendolyn,Tzarkov,gtzarkov5y@icq.com,Female,00 Bartelt Crossing,Prengtale
216,Serge,Quarrington,squarrington5z@wp.com,Male,0941 Fairfield Crossing,Pampanito
217,Rhonda,Crum,rcrum60@alexa.com,Female,665 Lotheville Circle,Lae
218,Cornelius,Wherry,cwherry61@last.fm,Male,488 East Point,Nordeste
219,Filmore,Maudett,fmaudett62@gravatar.com,Male,9 Scott Junction,Leyuan
220,Hadlee,Linsay,hlinsay63@walmart.com,Male,93 Debra Road,Kinamayan
221,Abby,Scouller,ascouller64@flavors.me,Male,1 Alpine Avenue,Buk
222,Shurwood,McCarrell,smccarrell65@ifeng.com,Male,46 Cherokee Trail,San Isidro
223,Dalton,Hegerty,dhegerty66@imdb.com,Male,3384 Armistice Parkway,Jakobstad
224,Nady,Blenkinsopp,nblenkinsopp67@cpanel.net,Female,4529 Rigney Drive,Sonta
225,Boycey,Pearson,bpearson68@businessweek.com,Male,045 Union Circle,Gonābād
226,Oliver,Neesham,oneesham69@phoca.cz,Male,3 Merchant Terrace,Xinning
227,Rayna,Hamshere,rhamshere6a@nasa.gov,Female,96275 Northland Street,Dul’durga
228,Filbert,Room,froom6b@blogtalkradio.com,Male,9 Summerview Drive,Sobral
229,Marieann,Daniell,mdaniell6c@spotify.com,Female,3 Southridge Park,Areni
230,Joey,O'Skehan,joskehan6d@nbcnews.com,Female,878 Bayside Circle,Kelmė
231,Flore,Feathers,ffeathers6e@github.com,Female,35031 Morrow Drive,Tinta
232,Rozalie,Scinelli,rscinelli6f@mayoclinic.com,Female,8644 Dunning Pass,Herálec
233,Whit,Dommersen,wdommersen6g@alibaba.com,Male,770 Golf Parkway,Al Manāqil
234,Blondie,Benthall,bbenthall6h@ustream.tv,Female,35 Mitchell Point,Cemara
235,Nick,Coverley,ncoverley6i@usa.gov,Male,2 Chive Street,Shchelkovo
236,Burtie,Given,bgiven6j@histats.com,Male,45830 Morning Plaza,Balekersukamaju
237,Lynnette,Deniso,ldeniso6k@un.org,Female,747 Springs Pass,Guitang
238,Eula,Squires,esquires6l@bravesites.com,Female,1302 Michigan Avenue,Matsudo
239,Johnnie,Ramsdell,jramsdell6m@auda.org.au,Male,23 Marcy Crossing,Brzozów
240,Rowen,Withers,rwithers6n@marriott.com,Male,48949 8th Way,Plast
241,Perceval,Waterhouse,pwaterhouse6o@mlb.com,Male,2298 Lyons Pass,Kolkhozobod
242,Lyell,Wallbutton,lwallbutton6p@merriam-webster.com,Male,3 Lakewood Park,Qinghe
243,Emlen,Atkin,eatkin6q@cloudflare.com,Male,858 Norway Maple Point,Líně
244,Lynea,Shambroke,lshambroke6r@ted.com,Female,91440 Transport Center,Paris 12
245,Cornall,Rain,crain6s@toplist.cz,Male,43753 John Wall Park,Mungkin
246,Amalee,Child,achild6t@discovery.com,Female,782 Vera Plaza,Poste du Lac
247,Shellie,Pittford,spittford6u@sina.com.cn,Female,190 Brown Terrace,Nikolayevka
248,Sayre,Heeron,sheeron6v@pinterest.com,Female,76 Brentwood Trail,Zouila
249,Ursala,Tresler,utresler6w@privacy.gov.au,Female,21770 Aberg Crossing,Banjarbaru
250,Ruperto,Blick,rblick6x@squarespace.com,Male,159 Dawn Center,Qumudi
251,Rozanne,Koene,rkoene6y@sbwire.com,Female,417 Bashford Trail,Xiumei
252,Korney,Kirkpatrick,kkirkpatrick6z@tripadvisor.com,Female,29 Maple Wood Center,Cikupa
253,Hart,Markie,hmarkie70@ifeng.com,Male,66540 Farragut Avenue,Xingong
254,Abagail,Harewood,aharewood71@xing.com,Female,9081 Londonderry Circle,Książ Wielkopolski
255,Andrej,Weich,aweich72@sourceforge.net,Male,96011 Old Gate Lane,Gorno-Altaysk
256,Doris,Bontoft,dbontoft73@usgs.gov,Female,34 Esch Plaza,Fiditi
257,Dee dee,Melior,dmelior74@nsw.gov.au,Female,2211 International Alley,Ngulung Wetan
258,Sarette,Needham,sneedham75@blogspot.com,Female,247 Hoard Avenue,Sehwān
259,Didi,Emblin,demblin76@istockphoto.com,Female,2 Farwell Terrace,Kakanj
260,Gris,Vautre,gvautre77@wunderground.com,Male,57749 Holy Cross Pass,Verkhoshizhem’ye
261,Jeanne,Durdy,jdurdy78@dell.com,Female,1 Alpine Drive,Matozinhos
262,Page,Gheeorghie,pgheeorghie79@so-net.ne.jp,Female,60 Weeping Birch Circle,Gaojialing
263,Glori,Mottinelli,gmottinelli7a@ifeng.com,Female,8 Cherokee Plaza,Fuchang
264,Bevin,O'Reilly,boreilly7b@upenn.edu,Male,8533 Graceland Plaza,San Matías
265,Paquito,Mayo,pmayo7c@senate.gov,Male,5881 Nancy Pass,Akoupé
266,Margalo,Kilfedder,mkilfedder7d@gov.uk,Female,1556 Mosinee Avenue,Khao Kho
267,Giustina,Bellsham,gbellsham7e@tmall.com,Female,5 Artisan Place,Sungsang
268,Robbert,MacConchie,rmacconchie7f@umich.edu,Male,2173 Melody Parkway,Datarsitu
269,Tabbie,Honywill,thonywill7g@histats.com,Male,949 Toban Parkway,Gustavsberg
270,Erinna,Genner,egenner7h@chron.com,Female,2 Anzinger Terrace,Hŭngju-dong
271,Cassius,Andrault,candrault7i@slate.com,Male,35 Golf View Crossing,Kangar
272,Olvan,Bendik,obendik7j@weather.com,Male,267 Village Green Terrace,Taluksangay
273,Merrili,Drayn,mdrayn7k@yelp.com,Female,0 Mcbride Drive,Gualán
274,Vivianne,Annwyl,vannwyl7l@storify.com,Female,1097 Gale Trail,Severnoye
275,Davidson,Rennles,drennles7m@nba.com,Male,11430 Sunnyside Avenue,Sicheng
276,Ajay,Bruna,abruna7n@google.co.jp,Female,18 Chive Place,Skanör
277,Tiffy,Gammel,tgammel7o@ucoz.com,Female,0 Burning Wood Hill,Manjo
278,Rachael,Jupe,rjupe7p@whitehouse.gov,Female,4669 Portage Circle,Iza
279,Fredric,Mingauld,fmingauld7q@xing.com,Male,467 Miller Crossing,Mileb
280,Oliy,Gadsden,ogadsden7r@msu.edu,Female,700 Merchant Parkway,Erétria
281,Goddard,Yglesia,gyglesia7s@csmonitor.com,Male,6 Kennedy Park,Klau
282,Dewey,Tersay,dtersay7t@liveinternet.ru,Male,3620 Cottonwood Parkway,Karnobat
283,Peadar,Tipper,ptipper7u@g.co,Male,9666 Lillian Plaza,Alejandro Roca
284,Cybill,Dogg,cdogg7v@dagondesign.com,Female,38446 Quincy Center,Pinheiral
285,Harv,Woodroof,hwoodroof7w@loc.gov,Male,5 Marquette Crossing,Jatibonico
286,Devlen,Rustidge,drustidge7x@nhs.uk,Male,52 Logan Lane,Tasikmalaya
287,Julia,Oram,joram7y@yellowbook.com,Female,34703 Ludington Place,Mników
288,Gretchen,Wheelan,gwheelan7z@about.com,Female,09407 Truax Court,Jenang Selatan
289,Evered,Houseman,ehouseman80@cnet.com,Male,4 Gina Way,Santo António da Charneca
290,Issiah,Welfair,iwelfair81@homestead.com,Male,3631 North Park,Jiebu
291,Odette,Schaumaker,oschaumaker82@fastcompany.com,Female,335 Southridge Trail,Zhaogezhuang
292,Sherwood,Bracegirdle,sbracegirdle83@yale.edu,Male,7773 Nobel Circle,Nueva Fuerza
293,Costanza,Iveans,civeans84@discovery.com,Female,2 Fallview Avenue,Kezileboyi
294,Mame,Linneman,mlinneman85@dagondesign.com,Female,2417 Gerald Street,Farafangana
295,Lexie,Skoughman,lskoughman86@narod.ru,Female,0683 Hintze Plaza,Timezgadiouine
296,Marcellus,Gurley,mgurley87@wp.com,Male,2757 Mandrake Hill,Loštice
297,Nels,Bloys,nbloys88@vistaprint.com,Male,87793 Macpherson Circle,Karlskoga
298,Lindsey,Feldhorn,lfeldhorn89@unesco.org,Male,342 Talmadge Junction,Novosemeykino
299,Olly,Trassler,otrassler8a@about.com,Male,556 Anderson Lane,Ludza
300,Ikey,Veltmann,iveltmann8b@mtv.com,Male,8671 Myrtle Court,Pho Si Suwan
301,Tate,Cettell,tcettell8c@utexas.edu,Male,3872 Cottonwood Park,Gaotai
302,Abba,Durban,adurban8d@chron.com,Male,03 Dayton Parkway,Ranong
303,Timofei,Fullager,tfullager8e@theatlantic.com,Male,28745 Anderson Lane,Wamba
304,Gregory,Grabeham,ggrabeham8f@plala.or.jp,Male,48 Darwin Point,Ferrol
305,Sollie,Burberow,sburberow8g@etsy.com,Male,3 Gulseth Way,Ciawitali
306,Addie,Cawtheray,acawtheray8h@omniture.com,Male,121 Logan Trail,Fougamou
307,Francisca,Polley,fpolley8i@fotki.com,Female,4 Darwin Center,Shuinan
308,Morton,Wathell,mwathell8j@elegantthemes.com,Male,4 Ramsey Point,Moramanga
309,Reed,Inskipp,rinskipp8k@360.cn,Male,6266 Oakridge Alley,Kayanza
310,Shawna,Wilmott,swilmott8l@si.edu,Female,24 Arapahoe Drive,Uychi
311,Noell,Segrave,nsegrave8m@freewebs.com,Female,02 Gateway Center,Vršac
312,Eve,Giampietro,egiampietro8n@deliciousdays.com,Female,2 Twin Pines Point,Bŭstonqal’a
313,Evangelin,Mably,emably8o@bravesites.com,Female,644 Hermina Hill,Kryry
314,Hurlee,Dauncey,hdauncey8p@cpanel.net,Male,2742 Gale Trail,Kuncen
315,Lester,Phippen,lphippen8q@boston.com,Male,5 Trailsway Center,Airmata
316,Roddie,Coughtrey,rcoughtrey8r@deviantart.com,Male,1 Warbler Point,Kāshān
317,Nilson,Discombe,ndiscombe8s@woothemes.com,Male,8 Mcguire Point,Martapura
318,Dasha,Ruskin,druskin8t@hc360.com,Female,8 Carey Terrace,Grazhdanka
319,Tiffany,Huddleston,thuddleston8u@hhs.gov,Female,65049 Loomis Parkway,Káto Dhiminió
320,Raquel,Conklin,rconklin8v@miitbeian.gov.cn,Female,3329 Marquette Circle,Pacho
321,Maisie,Cutchee,mcutchee8w@intel.com,Female,4 Arapahoe Pass,Waihibar
322,Mile,Bulpitt,mbulpitt8x@google.it,Male,61581 Drewry Point,Gibbons
323,Harrietta,Herety,hherety8y@opensource.org,Female,6 Farragut Trail,Guayatá
324,Bobbye,Paunton,bpaunton8z@myspace.com,Female,1 Ramsey Pass,Kumba
325,Elie,Kefford,ekefford90@ow.ly,Female,1686 Aberg Center,Bayaguana
326,Hobey,Mitchel,hmitchel91@imgur.com,Male,887 Kings Pass,Pālang
327,Parke,Fadian,pfadian92@squarespace.com,Male,49923 Beilfuss Street,Oromocto
328,Frederica,Roggero,froggero93@taobao.com,Female,6113 Bowman Drive,Coolock
329,Drusi,Kneeland,dkneeland94@army.mil,Female,98604 Kingsford Park,Mierzęcice
330,Parsifal,Anthiftle,panthiftle95@nymag.com,Male,2118 Duke Circle,Ocucaje
331,Ibby,Ridges,iridges96@vistaprint.com,Female,4805 Elka Park,Tolosa
332,Cassius,Yakunin,cyakunin97@wiley.com,Male,7215 Algoma Pass,Jiancheng
333,Dallon,Robinet,drobinet98@upenn.edu,Male,910 Columbus Point,Marmárion
334,Adara,Jeannet,ajeannet99@trellian.com,Female,651 Myrtle Circle,Saint-Priest
335,Rudolfo,Feeney,rfeeney9a@networksolutions.com,Male,42 Declaration Park,Moramanga
336,Modesty,Rawet,mrawet9b@delicious.com,Female,7 Schlimgen Place,Bancroft
337,Cary,Andor,candor9c@techcrunch.com,Female,882 Ludington Crossing,Daye
338,Eddi,Halse,ehalse9d@japanpost.jp,Female,7 Jana Trail,Jawatiwa
339,Tudor,O'Scanlon,toscanlon9e@list-manage.com,Male,9 Briar Crest Park,Stepnogorsk
340,Micaela,Pien,mpien9f@deliciousdays.com,Female,3441 Dawn Lane,Wichita
341,Cassey,Tonna,ctonna9g@geocities.com,Female,6304 Scoville Avenue,Negeriagung
342,Celestyn,Huncoot,chuncoot9h@archive.org,Female,668 Coolidge Circle,Sarmīn
343,Harv,Flasby,hflasby9i@princeton.edu,Male,730 Cody Terrace,Huatajata
344,Lyn,Lavall,llavall9j@facebook.com,Male,20049 Dovetail Street,Dębe Wielkie
345,Bonnibelle,Pahlsson,bpahlsson9k@va.gov,Female,82214 Debs Point,Tuen Mun
346,Kristi,Piddle,kpiddle9l@ameblo.jp,Female,2610 Doe Crossing Terrace,Volgo-Kaspiyskiy
347,Mel,Gabbidon,mgabbidon9m@freewebs.com,Male,4940 Clemons Avenue,Independence
348,Alfy,Pruce,apruce9n@zdnet.com,Male,16910 Forster Point,Poříčany
349,Aristotle,Castagneto,acastagneto9o@blogger.com,Male,93451 Caliangt Park,Panitian
350,Rodi,Hambly,rhambly9p@mac.com,Female,91312 Jackson Avenue,Gangou
351,Aigneis,Hunton,ahunton9q@ameblo.jp,Female,46833 American Ash Court,Calingcing
352,Jonis,Boylan,jboylan9r@hud.gov,Female,629 Kings Street,Ketapang
353,Baxter,Targetter,btargetter9s@epa.gov,Male,0158 Stephen Alley,Józefów
354,Nelle,Kirgan,nkirgan9t@eepurl.com,Female,83 Dawn Way,Brisbane
355,Kayne,Ferroli,kferroli9u@hexun.com,Male,113 Mallory Alley,Umabay
356,Corey,Billingsly,cbillingsly9v@theatlantic.com,Male,9 Sherman Park,Kampong Cham
357,Mordecai,Fonzone,mfonzone9w@zdnet.com,Male,9 Marcy Road,Zharkovskiy
358,Dalis,Sutherington,dsutherington9x@networkadvertising.org,Male,29 Utah Lane,Omuthiya
359,Berny,Foulis,bfoulis9y@ask.com,Female,759 Bluestem Hill,Kasongo
360,Giana,Malbon,gmalbon9z@odnoklassniki.ru,Female,07 Knutson Way,Chojnów
361,Bennett,Sumption,bsumptiona0@livejournal.com,Male,84425 Victoria Junction,Wa
362,Cristen,Talby,ctalbya1@amazon.de,Female,78 Lakewood Gardens Center,Houzhai
363,Mike,Wonter,mwontera2@instagram.com,Male,55 Fisk Park,Auas
364,Lorelei,Cavil,lcavila3@parallels.com,Female,18531 Nelson Place,Seremban
365,Lauren,Worthing,lworthinga4@yelp.com,Male,543 Saint Paul Drive,Tamaulipas
366,Marcello,Boshers,mboshersa5@ted.com,Male,78640 Russell Parkway,Ustyuzhna
367,Laraine,Kelshaw,lkelshawa6@engadget.com,Female,04995 Butternut Plaza,Pinhal da Marquesa
368,Julie,Dowsing,jdowsinga7@dion.ne.jp,Female,7087 Westerfield Pass,Bang Lamung
369,Garrot,Matyushkin,gmatyushkina8@baidu.com,Male,23 Bartelt Park,Mizhirah
370,Mellie,Waitland,mwaitlanda9@php.net,Female,114 Waywood Hill,Los Juríes
371,Jud,Loomis,jloomisaa@photobucket.com,Male,295 Graceland Point,Czerniejewo
372,Myriam,Hamblett,mhamblettab@pbs.org,Female,6 Monica Avenue,Bang Nam Priao
373,Nelly,Doram,ndoramac@newsvine.com,Female,70125 Milwaukee Point,Berlin
374,Calli,Nickell,cnickellad@npr.org,Female,2 Weeping Birch Junction,Baniachang
375,Darnall,Scheffel,dscheffelae@army.mil,Male,086 Moose Center,Vykhino-Zhulebino
376,Gwyneth,Chinge,gchingeaf@google.nl,Female,235 Chive Trail,Hebei
377,Wood,Strutton,wstruttonag@google.ca,Male,70 Hanover Way,Krueng Luak
378,Isaak,Challiss,ichallissah@oakley.com,Male,2 Blackbird Place,Aoyang
379,Piggy,Moogan,pmooganai@webnode.com,Male,53965 Dennis Point,Lanzhong
380,Issie,Kennington,ikenningtonaj@instagram.com,Female,9219 Vernon Alley,Psáry
381,Ollie,Le feaver,olefeaverak@arizona.edu,Male,2665 Fairfield Way,Andou
382,Shaun,Penson,spensonal@alibaba.com,Male,9586 Montana Lane,Embalse
383,Roanne,Howard,rhowardam@ucoz.ru,Female,0 Oxford Plaza,Quận Phú Nhuận
384,Roshelle,McFadzean,rmcfadzeanan@imgur.com,Female,39 Hoffman Center,Pyskowice
385,Wallas,Glabach,wglabachao@uol.com.br,Male,16 Maryland Way,Banjar Pasekan
386,Alvan,Sargent,asargentap@phoca.cz,Male,3287 Fordem Junction,Sedan
387,Lorena,Pinyon,lpinyonaq@huffingtonpost.com,Female,13346 Manley Court,Ell
388,Flinn,Yanuk,fyanukar@histats.com,Male,47529 Doe Crossing Park,Nay Pyi Taw
389,Meta,Espadero,mespaderoas@yellowbook.com,Female,5132 Packers Alley,Pundong
390,Selene,Waldram,swaldramat@utexas.edu,Female,88 Bayside Way,Muheza
391,Perry,Brockhouse,pbrockhouseau@sciencedirect.com,Female,61 Cambridge Junction,Kodamachō-kodamaminami
392,Darcy,Gordon,dgordonav@weebly.com,Female,6 Upham Pass,Magsaysay
393,Marcella,Downage,mdownageaw@parallels.com,Female,695 Petterle Road,Ciwaru
394,Liam,Bandey,lbandeyax@fotki.com,Male,487 Havey Parkway,Krajan
395,Jackelyn,Sconce,jsconceay@sfgate.com,Female,06473 Havey Road,Pazin
396,Selinda,Twitchett,stwitchettaz@blogtalkradio.com,Female,2 Dexter Hill,Örbyhus
397,Alberta,Keymar,akeymarb0@seesaa.net,Female,3985 Lawn Pass,Hengshan
398,Peirce,Demelt,pdemeltb1@sakura.ne.jp,Male,6253 Coolidge Street,Desamparados
399,Trista,Cappel,tcappelb2@phoca.cz,Female,60512 Sachtjen Circle,Al Ḩudaydah
400,Sharline,Ditchett,sditchettb3@prweb.com,Female,140 Dayton Terrace,Taen Tengah
401,Briggs,Bretland,bbretlandb4@facebook.com,Male,5670 Meadow Vale Place,Guanghai
402,Chevy,Grinstead,cgrinsteadb5@umich.edu,Male,36644 Montana Crossing,Avellaneda
403,Lu,Marton,lmartonb6@guardian.co.uk,Female,027 Continental Hill,Dagar
404,Law,Goolding,lgooldingb7@hibu.com,Male,902 Heffernan Hill,Az Zāhir
405,Rubin,Jiruca,rjirucab8@networksolutions.com,Male,79926 Kinsman Avenue,As Sukhnah
406,Marcie,Sahnow,msahnowb9@zimbio.com,Female,7 Oneill Pass,Vila Velha de Ródão
407,Gilberto,Reah,greahba@mozilla.org,Male,1554 Express Plaza,Mar del Plata
408,Hildagard,Franzotto,hfranzottobb@devhub.com,Female,589 Ruskin Park,Sigayevo
409,Miriam,Sains,msainsbc@dell.com,Female,29 Bonner Court,Rejowinangun
410,Abbie,Bunton,abuntonbd@behance.net,Male,25878 Karstens Way,Nantes
411,Babs,Quimby,bquimbybe@dagondesign.com,Female,61219 Chive Point,Feira de Santana
412,Cynthia,Vigar,cvigarbf@pcworld.com,Female,929 West Way,Jalālpur
413,Aloysia,Limerick,alimerickbg@webmd.com,Female,9611 Paget Avenue,Bangkok
414,Carline,Petrakov,cpetrakovbh@imdb.com,Female,20 Porter Lane,Cigadog
415,Abba,Connop,aconnopbi@usa.gov,Male,9622 Stuart Street,Huangbei
416,Adolf,Folker,afolkerbj@imdb.com,Male,11 Reindahl Crossing,Arrufó
417,Forbes,Thursby,fthursbybk@reddit.com,Male,39 Waubesa Place,Guinticgan
418,Heidi,Tullett,htullettbl@digg.com,Female,81 Hovde Place,Vindeln
419,Les,Rogan,lroganbm@nsw.gov.au,Male,99465 Shelley Terrace,Fusagasuga
420,Tymothy,Garfath,tgarfathbn@1und1.de,Male,78276 Butternut Place,Morteros
421,Mariel,Calam,mcalambo@ucla.edu,Female,586 Mallory Way,Douane
422,Rhodia,McPhillimey,rmcphillimeybp@businesswire.com,Female,94205 Banding Circle,Drobin
423,Ophelie,Endle,oendlebq@un.org,Female,4 Dawn Road,Skole
424,Rosalynd,Kase,rkasebr@umich.edu,Female,98 Columbus Court,Séguéla
425,Ramon,Topling,rtoplingbs@techcrunch.com,Male,448 Sunbrook Pass,Huangzhai
426,Lana,Yurivtsev,lyurivtsevbt@alexa.com,Female,82112 Thackeray Drive,Hengjie
427,Rhoda,Jenne,rjennebu@constantcontact.com,Female,7 Atwood Pass,Cradock
428,Dunn,Garlinge,dgarlingebv@histats.com,Male,02712 Colorado Drive,Kebon
429,Patsy,Graveney,pgraveneybw@slate.com,Male,542 Bunting Court,Markaz-e Ḩukūmat-e Darwēshān
430,Jo,Bruno,jbrunobx@senate.gov,Female,6 Declaration Crossing,Kafr Mandā
431,Helsa,Collins,hcollinsby@networkadvertising.org,Female,339 Butterfield Parkway,Maseru
432,Maryl,Field,mfieldbz@yellowpages.com,Female,4899 Goodland Alley,Liverpool
433,Keir,Batcock,kbatcockc0@jugem.jp,Male,905 Roth Terrace,Banjar Cemenggon
434,Kathie,Greensite,kgreensitec1@so-net.ne.jp,Female,87601 Northfield Junction,Yangsha
435,Cordelia,Guilayn,cguilaync2@cnbc.com,Female,70 Crest Line Court,Fulin
436,Emmi,Farnie,efarniec3@canalblog.com,Female,50834 Moulton Avenue,Ébolowa
437,Cristie,Rea,creac4@nationalgeographic.com,Female,90 Green Avenue,Manlio Fabio Altamirano
438,Annabal,Nowill,anowillc5@bbc.co.uk,Female,19 Darwin Crossing,Offenbach
439,Georgia,Stiggers,gstiggersc6@google.com.au,Female,8 Paget Circle,Bebedouro
440,Jarib,Danniel,jdannielc7@unesco.org,Male,5295 Ludington Lane,Sinisian
441,Sandra,Sprull,ssprullc8@oakley.com,Female,29 5th Plaza,Macas
442,Darsie,Lugg,dluggc9@linkedin.com,Female,130 Pankratz Crossing,Jetak Kulon
443,Boony,Northfield,bnorthfieldca@godaddy.com,Male,242 Fairfield Avenue,Mombetsu
444,Rina,Monument,rmonumentcb@list-manage.com,Female,4030 Manley Circle,Hengjing
445,Delores,Hendrikse,dhendriksecc@accuweather.com,Female,292 Marcy Street,Buliwao
446,Manfred,Davies,mdaviescd@nydailynews.com,Male,7832 Blaine Place,Mgandu
447,Harriott,Klimczak,hklimczakce@moonfruit.com,Female,3744 Onsgard Crossing,Jatinagara Kulon
448,Carlynne,Laxtonne,claxtonnecf@icio.us,Female,2 Mccormick Pass,Tamisan
449,Andi,Slopier,aslopiercg@github.io,Female,64330 Washington Center,Dulce Nombre de Culmí
450,Janina,Grumley,jgrumleych@howstuffworks.com,Female,57 Warbler Way,Fangjun
451,Derby,Alvar,dalvarci@statcounter.com,Male,3237 Scoville Drive,Novokubansk
452,Alene,Hatcliffe,ahatcliffecj@blog.com,Female,1370 Westridge Street,Umbanyar
453,Conroy,Bucktharp,cbucktharpck@ifeng.com,Male,4487 Mosinee Court,Woha
454,Dorris,Bartoszewicz,dbartoszewiczcl@diigo.com,Female,28 Hoffman Way,Jayapura
455,Even,Wynn,ewynncm@skyrock.com,Male,0585 Marcy Road,Leshan
456,Ainslee,Junes,ajunescn@1688.com,Female,15070 Meadow Ridge Trail,Zamarski
457,Haskell,Leverett,hleverettco@army.mil,Male,64 Menomonie Crossing,Segoro
458,Keely,Bly,kblycp@nba.com,Female,663 Anzinger Junction,Huangjin
459,Seumas,Lambdean,slambdeancq@cornell.edu,Male,7 Eagan Avenue,Zhongcheng
460,Ursa,Denny,udennycr@arizona.edu,Female,403 Kingsford Crossing,Edosaki
461,Cymbre,Burk,cburkcs@stumbleupon.com,Female,76 Troy Drive,Shūkat aş Şūfī
462,Thaddus,Capewell,tcapewellct@yandex.ru,Male,693 Vernon Parkway,Badīn
463,Fleming,Ruggiero,fruggierocu@aol.com,Male,560 Mockingbird Court,Finiq
464,Angelica,Scothorn,ascothorncv@blinklist.com,Female,735 Calypso Hill,Mozhong
465,Derby,Musto,dmustocw@chron.com,Male,980 Lakeland Trail,Vårby
466,Cammy,Ruddlesden,cruddlesdencx@gmpg.org,Male,574 Blaine Terrace,Rychnov nad Kněžnou
467,Donielle,Matt,dmattcy@alibaba.com,Female,05 Clyde Gallagher Point,Waihi Beach
468,Sharl,Gailor,sgailorcz@statcounter.com,Female,9662 Ruskin Avenue,Danchang
469,Arlene,Foxon,afoxond0@lulu.com,Female,68 Warbler Center,Zhifang
470,Carlie,Bosket,cbosketd1@google.com.hk,Male,06 Caliangt Trail,Dinghuo
471,Margi,Sinnett,msinnettd2@moonfruit.com,Female,7 Pleasure Place,Cavaillon
472,Aluin,Stanlike,astanliked3@netscape.com,Male,32 Buena Vista Point,Bayan Tuohai
473,Thomasine,Minto,tmintod4@wiley.com,Female,12018 Glendale Court,Bailingnao
474,Alfons,Neath,aneathd5@unesco.org,Male,9449 Morrow Center,Santa Catarina
475,Emanuel,Ossipenko,eossipenkod6@gov.uk,Male,819 Knutson Way,Carnot
476,Torrence,Old,toldd7@stanford.edu,Male,18787 Pine View Pass,Tongliao
477,Freida,Arrandale,farrandaled8@java.com,Female,6 Hazelcrest Circle,Partizansk
478,Andrea,Jeffree,ajeffreed9@gizmodo.com,Female,7714 Muir Parkway,Fuying
479,Abrahan,Hackleton,ahackletonda@ca.gov,Male,39 Beilfuss Avenue,Lũng Hồ
480,Felizio,Courtier,fcourtierdb@paypal.com,Male,9875 Carioca Road,Mhlume
481,Charleen,Abels,cabelsdc@uiuc.edu,Female,605 Gina Avenue,Huicheng
482,Hartley,Arbuckel,harbuckeldd@php.net,Male,1 Lotheville Parkway,Valparaíso
483,Joshia,Piesold,jpiesoldde@amazon.co.uk,Male,164 Aberg Trail,Wafang
484,Micheil,Causton,mcaustondf@icq.com,Male,308 Park Meadow Pass,Vetluzhskiy
485,Alejoa,Carlisi,acarlisidg@gravatar.com,Male,30 Banding Parkway,Mbanga
486,Elita,Gorce,egorcedh@jigsy.com,Female,7 Almo Pass,Ostojićevo
487,Vikky,Megroff,vmegroffdi@symantec.com,Female,56949 Kenwood Way,Hayang
488,Ronald,Robun,rrobundj@hostgator.com,Male,52 Steensland Point,São Martinho
489,Kerwin,Pisculli,kpiscullidk@sakura.ne.jp,Male,92234 Waxwing Crossing,Sadek
490,Shoshanna,Shambrook,sshambrookdl@exblog.jp,Female,5 Brown Circle,Haapajärvi
491,Winni,Kyncl,wkyncldm@geocities.com,Female,9 Redwing Crossing,Harhorin
492,Quinn,Syrett,qsyrettdn@mit.edu,Female,20 Portage Alley,Olocuilta
493,Slade,Bernardoux,sbernardouxdo@paginegialle.it,Male,39 Porter Way,Washington
494,Sawyer,Hazeltine,shazeltinedp@so-net.ne.jp,Male,986 Corben Park,Shen’ao
495,Drusie,Braffington,dbraffingtondq@goo.ne.jp,Female,61 Golf View Park,Cache Creek
496,Clarice,Alliban,callibandr@php.net,Female,761 Golf View Park,Shar’ya
497,Gareth,Cuttles,gcuttlesds@wikispaces.com,Male,986 Sauthoff Lane,Kowŏn-ŭp
498,Redford,Galer,rgalerdt@1688.com,Male,7903 Steensland Alley,Tarikolot
499,Nial,Petrashkov,npetrashkovdu@buzzfeed.com,Male,9 Straubel Plaza,Kota Kinabalu
500,Angie,Iacabucci,aiacabuccidv@devhub.com,Male,85807 Hanover Junction,Cahors
